{"file:///d%3A/PBL_test/event_name/__init__.py":{"language":"Python","code":21,"comment":0,"blank":9},"file:///d%3A/PBL_test/event_name/utils.py":{"language":"Python","code":0,"comment":15,"blank":2},"file:///d%3A/PBL_test/event_name/templates/search.html":{"language":"HTML","code":78,"comment":0,"blank":7},"file:///d%3A/PBL_test/event_name/templates/register.html":{"language":"HTML","code":89,"comment":0,"blank":6},"file:///d%3A/PBL_test/event_name/templates/org_events.html":{"language":"HTML","code":54,"comment":0,"blank":7},"file:///d%3A/PBL_test/event_name/templates/login.html":{"language":"HTML","code":50,"comment":0,"blank":5},"file:///d%3A/PBL_test/event_name/templates/layout.html":{"language":"HTML","code":107,"comment":32,"blank":9},"file:///d%3A/PBL_test/event_name/templates/home.html":{"language":"HTML","code":70,"comment":0,"blank":8},"file:///d%3A/PBL_test/event_name/templates/event_status.html":{"language":"HTML","code":32,"comment":0,"blank":8},"file:///d%3A/PBL_test/event_name/templates/event_info.html":{"language":"HTML","code":81,"comment":0,"blank":6},"file:///d%3A/PBL_test/event_name/templates/event.html":{"language":"HTML","code":58,"comment":0,"blank":5},"file:///d%3A/PBL_test/event_name/templates/enrollment.html":{"language":"HTML","code":4,"comment":0,"blank":1},"file:///d%3A/PBL_test/event_name/templates/enrolled_events.html":{"language":"HTML","code":49,"comment":0,"blank":6},"file:///d%3A/PBL_test/event_name/templates/email.html":{"language":"HTML","code":26,"comment":0,"blank":2},"file:///d%3A/PBL_test/event_name/templates/customer_care.html":{"language":"HTML","code":147,"comment":0,"blank":7},"file:///d%3A/PBL_test/event_name/templates/create_event.html":{"language":"HTML","code":62,"comment":0,"blank":0},"file:///d%3A/PBL_test/event_name/templates/base.html":{"language":"HTML","code":29,"comment":35,"blank":3},"file:///d%3A/PBL_test/event_name/templates/account.html":{"language":"HTML","code":62,"comment":0,"blank":6},"file:///d%3A/PBL_test/event_name/templates/about.html":{"language":"HTML","code":55,"comment":1,"blank":8},"file:///d%3A/PBL_test/event_name/static/main.css":{"language":"CSS","code":189,"comment":20,"blank":47},"file:///d%3A/PBL_test/event_name/routes.py":{"language":"Python","code":236,"comment":53,"blank":83},"file:///d%3A/PBL_test/event_name/models.py":{"language":"Python","code":41,"comment":47,"blank":26},"file:///d%3A/PBL_test/event_name/forms.py":{"language":"Python","code":50,"comment":79,"blank":18}}