[{"tags":"css","desc":"\"CSS (Cascading Style Sheets) is a representation style sheet language used for describing the look and formatting of HTML (Hyper Text Markup Language), XML (Extensible Markup Language) documents and SVG elements including (but not limited to) colors, layout, fonts, and animations. It also describes how elements should be rendered on screen, on paper, in speech, or on other media.\""},{"tags":"sql","desc":"\"Structured Query Language (SQL) is a language for querying databases. Questions should include code examples, table structure, sample data, and a tag for the DBMS implementation (e.g. MySQL, PostgreSQL, Oracle, MS SQL Server, IBM DB2, etc.) being used. If your question relates solely to a specific DBMS (uses specific extensions/features), use that DBMS's tag instead. Answers to questions tagged with SQL should use ISO/IEC standard SQL.\""},{"tags":"html","desc":"\"HTML (HyperText Markup Language) is the standard markup language used for structuring web pages and formatting content. HTML describes the structure of a website semantically along with cues for presentation, making it a markup language, rather than a programming language. HTML works in conjunction primarily with CSS and JavaScript, adding style and behaviour to the pages. The most recent revision to the HTML specification is HTML5.2.\""},{"tags":"sql-server","desc":"\"Microsoft SQL Server is a relational database management system (RDBMS). Use this tag for all SQL Server editions including Compact, Express, Azure, Fast-track, APS (formerly PDW) and Azure SQL DW. Do not use this tag for other types of DBMS (MySQL, PostgreSQL, Oracle etc.). Do not use this tag for issues on software and mobile development, unless it is directly related to the database.\""},{"tags":"python","desc":"\"Python is a multi-paradigm, dynamically typed, multipurpose programming language, designed to be quick (to learn, to use, and to understand), and to enforce a clean and uniform syntax. Two similar but incompatible versions of Python are commonly in use, Python 2.7 and 3.x. For version-specific Python questions, use the [python-2.7] or [python-3.x] tags. When using a Python variant (i.e Jython, Pypy, etc...), please also tag the variant.\""},{"tags":"c#","desc":"\"C# (pronounced \"\"see sharp\"\") is a high level, statically typed, object oriented programming language developed by Microsoft. C# code usually targets Microsoft's .NET family of tools and run-times, which include the .NET Framework and .NET Core. Use this tag for questions about code written in C# or C#'s formal specification.\""},{"tags":"r","desc":"\"R is a free, open-source programming language and software environment for statistical computing, bioinformatics, visualization, and general computing. Please provide minimal and reproducible example(s) along with the desired output. Use `dput()` for data and specify all non-base packages with `library()` calls. Do not embed pictures for data or code, use indented code blocks instead. For statistics related questions, use https://stats.stackexchange.com.\""},{"tags":"php","desc":"\"PHP(PHP: Hypertext Preprocessor) is a widely used, high-level, dynamic, object-oriented and interpreted scripting language primarily designed for server-side web development.\""},{"tags":"asp.net","desc":"\"ASP.NET is a Microsoft web application development framework that allows programmers to build dynamic web sites, web applications and web services. It is useful to use this tag in conjunction with the project type tag e.g. [asp.net-mvc], [asp.net-webforms], or [asp.net-web-api]. Do NOT use this tag for questions about ASP.NET Core - use [asp.net-core] instead.\""},{"tags":"javascript","desc":"\"JavaScript (not to be confused with Java) is a high-level, dynamic, multi-paradigm, object-oriented, prototype-based, weakly-typed language used for both client-side and server-side scripting. Its primary use is in rendering and manipulating of web pages. Use this tag for questions regarding ECMAScript and its various dialects/implementations (excluding ActionScript and Google-Apps-Script).\""},{"tags":"regex","desc":"\"Regular expressions provide a declarative language to match patterns within strings. They are commonly used for string validation, parsing, and transformation. Since regular expressions are not fully standardized, all questions with this tag should also include a tag specifying the applicable programming language or tool. NOTE: Asking for HTML, JSON, etc. regexes tends to be met with negative reactions. If there is a parser for it, use that instead.\""},{"tags":"ajax","desc":"AJAX (Asynchronous JavaScript and XML) is a technique for creating seamless interactive websites via asynchronous data exchange between client and server. AJAX facilitates communication with the server or partial page updates without a traditional page refresh."},{"tags":"jquery","desc":"\"jQuery is a Javascript library, consider also adding the Javascript tag. "},{"tags":"jQuery is a popular cross-browser JavaScript library that facilitates Document Object Model (DOM) traversal, event handling, animations, and AJAX interactions by minimizing the discrepancies across browsers. A question tagged jquery should be related to jquery, so jquery should be used by the code in question and at least jquery usage-related elements need to be in the question.\""},{"tags":"excel","desc":"\"Only for questions on programming against Excel objects or files, or complex formula development. You may combine the Excel tag with VBA, VSTO, C#, VB.NET, PowerShell, OLE automation, and other programming related tags and questions if applicable."},{"tags":"General help regarding MS Excel for single worksheet functions is available at Super User.\""},{"tags":"iphone","desc":"\"DO NOT use this tag unless you are addressing Apple's iPhone and/or iPod touch specifically. For questions not dependent on hardware, use the tag [ios]. More tags to consider are [xcode] (but only if the question is about the IDE itself), [swift], [objective-c] or [cocoa-touch] (but not [cocoa]). Please refrain from questions regarding the iTunes App Store or about iTunes Connect. If using C#, tag with [mono].\""},{"tags":"swift","desc":"\"Swift is a general-purpose, open-source programming language developed by Apple Inc. for their platforms and Linux. Use the tag only for questions about language features, or requiring code in Swift. Use the tags [ios], [macos], [watch-os], [tvos], [cocoa-touch], and [cocoa] for (language-agnostic) questions about the platforms or frameworks.\""},{"tags":"database","desc":"\"A database is an organized collection of data. It is the collection of schemas, tables, queries, reports, views, and other objects. The data are typically organized to model aspects of reality in a way that supports processes requiring information."},{"tags":"Use this tag if you have questions about designing a database. If it is about a particular database management system, (e.g., MySQL), please use that tag instead.\""},{"tags":".net","desc":"\"The .NET framework is a software framework designed mainly for the Microsoft Windows operating system. It includes an implementation of the Base Class Library, Common Language Runtime (commonly referred to as CLR), Common Type System (commonly referred to as CTS) and Dynamic Language Runtime. It supports many programming languages, including C#, VB.NET, F# and C++/CLI. Do NOT use for questions about .NET Core.\""},{"tags":"android","desc":"\"Android is Google's mobile operating system, used for programming or developing digital devices (Smartphones, Tablets, Automobiles, TVs, Wear, Glass, IoT). For topics related to Android, use Android-specific tags such as android-intent, android-activity, android-adapter and etc. For questions other than development or programming, but related to the Android framework, use this link: https://android.stackexchange.com.\""},{"tags":"xml","desc":"\"Extensible Markup Language (XML) is a flexible, structured document format that defines human- and machine-readable encoding rules.\""},{"tags":"linux","desc":"\"LINUX QUESTIONS MUST BE PROGRAMMING RELATED."},{"tags":"Use this tag only if your question relates to programming using Linux APIs or Linux-specific behavior, not just because you happen to run your code on Linux. If you need Linux support you can try https://unix.stackexchange.com or the specific distro's SE site like https://askubuntu.com, https://elementaryos.stackexchange.com/\""},{"tags":"django","desc":"\"Django is an open source server-side web application framework, written in Python. It is designed to reduce the effort required to create complex data-driven websites and web applications, with a special focus on less code, no-redundancy and being more explicit than implicit.\""},{"tags":"angular","desc":"\"Questions about Angular (not to be confused with AngularJS), the web framework from Google. Use this tag for Angular questions which are not specific to an individual version. For the older AngularJS (1.x) web framework, use the angularjs tag.\""},{"tags":"json","desc":"\"JSON (JavaScript Object Notation) is a textual data interchange format and language-independent. Use this tag when this text format is involved. DO NOT USE THIS TAG FOR NATIVE JAVASCRIPT OBJECTS OR JAVASCRIPT OBJECT LITERALS. Before you ask a question, validate your JSON using a JSON validator such as JSONLint (https://jsonlint.com).\""},{"tags":"angularjs","desc":"\"Use for questions about AngularJS (1.x), the open-source JavaScript framework. Do NOT use this tag for Angular 2 or later versions; instead, use the [angular] tag.\""},{"tags":"c","desc":"\"C is a general-purpose programming language used for system programming (OS and embedded), libraries, games and cross-platform. This tag should be used with general questions concerning the C language, as defined in the ISO 9899 standard (the latest version, 9899:2018, unless otherwise specified�also tag version-specific requests with c89, c99, C11, etc). C is distinct from C++ and it should not be combined with the C++ tag absent a rational reason.\""},{"tags":"node.js","desc":"\"Node.js is an event-based, non-blocking, asynchronous I/O framework that uses Google's V8 JavaScript engine and libuv library. It is used for developing applications that make heavy use of the ability to run JavaScript both on the client, as well as on server side and therefore benefit from the re-usability of code and the lack of context switching.\""},{"tags":"ruby","desc":"\"Ruby is a multi-platform open-source, dynamic object-oriented interpreted language, created by Yukihiro Matsumoto (Matz) in 1995. The [ruby] tag is for questions related to the Ruby language, including its syntax and its libraries. Ruby on Rails questions should be tagged with [ruby-on-rails].\""},{"tags":"java","desc":"\"Java (not to be confused with JavaScript or JScript or JS) is a general-purpose, statically typed, object-oriented programming language designed to be used in conjunction with the Java Virtual Machine (JVM). \"\"Java platform\"\" is the name for a computing system that has installed tools for developing and running Java programs. Use this tag for questions referring to the Java programming language or Java platform tools.\""},{"tags":"ruby-on-rails","desc":"\"Ruby on Rails is an open source full-stack web application framework written in Ruby. It follows the popular MVC framework model and is known for its \"\"convention over configuration\"\" approach to application development.\""},{"tags":"arrays","desc":"\"An array is an ordered data structure consisting of a collection of elements (values or variables), each identified by one or multiple indexes. When asking about specific variants of arrays, use these related tags instead: [vector], [arraylist], [matrix]. When using this tag, in a question which is specific to a programming language - tag the question with the programming language being used.\""},{"tags":"mysql","desc":"\"MySQL is a free, open source Relational Database Management System (RDBMS) that uses Structured Query Language (SQL).  DO NOT USE this tag for other DBs such as SQL Server, SQLite etc.  These are different DBs which all use SQL to manage the data.\""},{"tags":"objective-c","desc":"\"This tag should be used only on questions that are about Objective-C features or depend on code in the language. The tags [cocoa] and [cocoa-touch] should be used to ask about Apple's frameworks or classes. Use the related tags [ios], [macos], [apple-watch] and [tvos] for issues specific to those platforms.\""},{"tags":"c++","desc":"\"C++ is a general-purpose programming language. It was originally designed as an extension to C, and keeps a similar syntax, but is now a completely different language. Use this tag for questions about code (to be) compiled with a C++ compiler. Use a version specific tag for questions related to a specific  standard revision [C++11], [C++17], etc.\""},{"tags":"asp.net-mvc","desc":"The ASP.NET MVC Framework is an open source web application framework and tooling that implements a version of the model-view-controller (MVC) pattern tailored towards web applications and built upon an ASP.NET technology foundation."},{"tags":"ios","desc":"\"iOS is the mobile operating system running on the Apple iPhone, iPod touch, and iPad. Use this tag [ios] for questions related to programming on the iOS platform. Use the related tags [objective-c] and [swift] for issues specific to those programming languages.\""}]