{"_id":{"$oid":"5c973fc6be3e0a5b45ad1053"},"interest":["programming"],"aos":["php"],"upvotedans":["5c974738be3e0a5b45ad1059"],"downvotedans":["5c974738be3e0a5b45ad1059"],"upvotedques":[],"downvotedques":[],"email":"moksh@gmail.com","password":"$2a$10$nzGHFFESHj7KEC3vf25RfecwtpWkN7.2rnZzQfHqtGnMNGHzIRJ4S","userName":"moksh","firstname":"moksh","lastname":"jain","rep":17,"profile":"","badge":"","__v":0}
{"_id":{"$oid":"5c973ff1be3e0a5b45ad1054"},"interest":["programming"],"aos":["C"],"upvotedans":[],"downvotedans":[],"upvotedques":["5c9745c9be3e0a5b45ad1055","5c9745c9be3e0a5b45ad1055","5c9745c9be3e0a5b45ad1055","5c9745c9be3e0a5b45ad1055","5c9745c9be3e0a5b45ad1055"],"downvotedques":["5c9745c9be3e0a5b45ad1055"],"email":"nilesh@gmail.com","password":"$2a$10$JHMTiDV.uZa7mUuLqYynquecvCpEtlk2I7oQTIGjW3WDGZdiZI4Vi","userName":"nilesh","firstname":"nilesh","lastname":"chavan","rep":18,"profile":"uploads\\nilesh.jpg","badge":"","__v":0,"community":["vcet","vcet"]}
{"_id":{"$oid":"5c9a2f351e00130f4cbecd86"},"interest":["programming"],"aos":["C"],"upvotedans":[],"downvotedans":[],"upvotedques":[],"downvotedques":[],"email":"adithya@gmail.com","password":"$2a$10$qUqQGIcrNovffVOnMjT18eeIouO/UqDaSe0gLumX4xpC0uT3np6dW","userName":"adithya","firstname":"adithya","lastname":"b","rep":0,"profile":"","badge":"","__v":0}
{"_id":{"$oid":"5ca06b147f34eb1ba48d4f84"},"interest":["dfgdfg"],"aos":["dfgdfg"],"upvotedans":[],"downvotedans":[],"upvotedques":[],"downvotedques":[],"community":[],"email":"ertert@gfgdfg.com","password":"$2a$10$SDws3CdLHurl/fky020gg.RvMiWPHItZsZ/jCKguTKzZ/nKBkPOH.","userName":"erter","firstname":"dfg","lastname":"dfgfgd","rep":0,"profile":"","badge":"","__v":0}
